1,1-286-095-6768 x94058,Jimmy,Harber,South Dakota,8400 Tamara Street,Megane,Verla.Nikolaus@collin.org
1,(597)397-8704 x231,Abel,Jaskolski,California,005 Laurine Drive,Jerod,Jedediah@carey.co.uk
2,1-906-729-7762,Nayeli,Maggio,Texas,6091 Emerald Corners,Keith,Darion@garrick.co.uk
3,336.249.6105 x6508,Stephan,Ritchie,Nebraska,195 Caesar Meadows,Frederick,Friedrich@alejandrin.io
4,(324)826-6407 x915,Lilyan,Torphy,Georgia,4457 Effertz Spur,Vernice,Curt@margarette.org
5,1-031-851-5347 x95642,Helena,Emmerich,Michigan,9245 Hosea Roads,Astrid,Garrick.Deckow@hettie.org
6,1-281-852-8516 x18362,Dayton,Mitchell,Kentucky,733 Pfeffer Mountain,Syble,Danyka@salvador.io
7,395.863.8232 x27496,Elian,Lindgren,Texas,490 Kirlin Point,Dorcas,Dewayne@dillon.biz
8,800.801.3515 x7103,Dayna,Schumm,Maryland,1276 Gerry Loop,Else,Kiel.Mante@rico.me
9,(385)247-7184,Kareem,Beier,Wisconsin,5095 Clinton Expressway,Francis,Audrey.Moore@hester.name
10,(217)686-7537 x6429,Rose,Purdy,Kansas,49586 Andreane Ways,Richmond,Betsy@elva.me
11,041-696-6901 x9680,Albin,Johns,Massachusetts,4106 Rolfson Forks,Royce,Janelle@baylee.info
12,223.308.0821 x97263,Benedict,Osinski,Minnesota,94273 Leuschke Path,Brianne,Misael@lilyan.me
13,(789)185-1107 x93867,Clemmie,Emard,Mississippi,9579 Guiseppe Green,Kavon,Mckenna@berenice.name
14,(278)557-8497 x22318,Lenna,Barrows,North Carolina,78652 Runolfsdottir Motorway,Concepcion,Gladyce.Lowe@eloise.co.uk
15,830-628-6778 x477,Brendan,Osinski,South Dakota,954 Daphne Place,Shaina,Devon@taryn.co.uk
16,488.342.9430 x74953,Astrid,Ernser,Michigan,933 Waelchi View,Chaz,Arch@magdalen.io
17,867.676.3414 x85365,Odie,Steuber,Ohio,92078 Cara Ferry,Brittany,Carter@lexie.us
18,166.985.2665 x4371,Bernadette,Rutherford,Connecticut,187 Gloria Corner,Dylan,Cali@adrian.org
19,(163)448-8262 x7963,Gabriel,Sawayn,Georgia,5366 Weimann Drive,Garrett,Edythe.DuBuque@dahlia.name
20,077.954.8824 x374,Naomie,Johns,Washington,72385 Collins Forges,Mariah,Eleazar.Considine@willa.me
21,467.622.8637 x5225,Mariane,Bins,Maine,46819 Gaylord Village,Fausto,Aliyah@ayden.info
22,885.755.8046 x99610,Geovanni,Ortiz,Tennessee,195 Christiansen Burgs,Georgianna,Brett_Miller@isabella.info
23,(660)683-2301,Santina,O'Keefe,Illinois,55048 Bode Center,Loren,Clarissa@elroy.io
24,(361)573-9250,Meagan,Stoltenberg,Maryland,86786 Harber Fort,Bennie,Shane@gonzalo.name
25,682-094-7713 x7871,Layla,Kunze,North Dakota,15221 Rylan Crescent,Deven,Madilyn@ryley.ca
2,907.720.9864,Price,Ferry,South Dakota,64568 Cremin Station,Virgie,Arnold_Hagenes@ben.co.uk
2,608.705.6152,Camren,Herzog,Arkansas,33011 Camryn Fords,Keven,Hermina_Yundt@ophelia.io
8,1-050-694-5587,Andy,Kohler,Georgia,6136 Mathilde Spurs,Rowan,Rocio_Rice@marisol.info
9,606.091.8481,Aubrey,Schulist,North Carolina,046 Marta Ports,Gabe,Gunner_Sipes@ally.biz
3,(656)504-9800 x711,Tevin,Koelpin,North Carolina,01568 Kristian Ford,Carmella,Leonel@lyric.io
1,1-190-443-9451 x527,Jalyn,Senger,New Jersey,4000 Twila Pines,Alfonso,Finn_Raynor@trevion.co.uk
2,(283)061-3276 x12618,Alessandro,Hansen,Missouri,7936 Emmerich Brooks,Jackson,Jamarcus_Kozey@braulio.me
3,1-620-062-4107 x26538,Guy,Streich,New Hampshire,47148 Kris Spring,Amely,Henderson.Hodkiewicz@kamryn.name
4,889-702-0349 x734,Estel,Yost,Vermont,9204 Schmidt Garden,Emil,Randall_Abernathy@gilda.org
5,1-567-304-3083,Morton,Luettgen,Idaho,0612 Runolfsdottir Springs,Daisy,Jeffrey_Crona@aimee.org
6,328-998-5057 x828,Anabelle,Bartell,Utah,5728 Guido Crossing,Kenyatta,Kirstin_Leffler@fabian.co.uk
7,409-684-0389 x7381,Edyth,Prosacco,Mississippi,18800 Quincy Glens,Jamaal,Jonathon@alexie.name
8,153-958-7076,Ryann,Heaney,Pennsylvania,32606 Bogan Street,Tad,Jed_Pacocha@cedrick.info
3,1-191-992-7189 x63300,Misael,Cassin,Alabama,21610 Spencer Circles,Carlie,Ole.Tromp@bobby.info
4,294-263-0510 x031,Tyree,Kris,West Virginia,14108 Mack Corner,Kailyn,April_Cronin@oma.co.uk
1,(377)736-9984,Haven,Ortiz,North Dakota,6562 Bernhard Points,Eulah,Davonte.Ruecker@glen.io
2,1-742-635-4996,Herminia,Wunsch,Montana,394 Jettie Avenue,Brad,Darlene@danyka.tv
4,1-587-073-8854,Conor,Pfeffer,Connecticut,61423 Brock Ranch,Hassie,Nikita_Leuschke@brock.name
4,1-780-330-1875,Bart,Welch,Rhode Island,39156 Elmo Parkway,Ismael,Macie@melvin.co.uk
5,1-974-937-8281,Davin,Kirlin,Wyoming,374 Harry Union,Angelina,Hailey_Ruecker@vincenza.info
6,(324)644-4738,Mathilde,Corkery,Louisiana,041 Mante Ports,Harley,Keanu@nyah.tv
7,1-345-880-2511 x50516,Edmond,Tremblay,Texas,68315 Odessa Flats,Kenyatta,Gaetano.Anderson@romaine.io
8,086.591.7130,Claudine,Thiel,Ohio,284 Gertrude Orchard,Retha,Myron.Wisozk@bradley.biz
4,852.141.2934,Nat,Parisian,Montana,0896 Dicki E_states,Godfrey,Carli@jarod.net
5,175-434-5675,Brook,Bradtke,Pennsylvania,064 Huel Grove,Xavier,Bailee@izabella.net
1,(768)027-6396 x8961,Lowell,Lindgren,Washington,168 Verlie Path,Eliseo,Myrna_Stark@evalyn.biz
2,(187)819-4323 x089,Art,Ortiz,New Jersey,51195 Funk Creek,Kody,Emie@lonzo.org
23,501-173-4655 x693,Garfield,Bruen,Maryland,817 Sven Village,Aiden,Tom@adam.biz
4,281-867-7881,Mollie,Nader,Maine,5089 Helmer Lake,Jayce,Marcus_Schmidt@norberto.org
5,1-141-463-1520,Tressa,Rice,Alabama,2853 Savion Loaf,Adela,Elissa_Robel@colleen.com
5,019-322-4636,Annie,Wilderman,Oklahoma,488 Cassin Trace,Antwan,Alexane_Ratke@ezekiel.co.uk
5,(968)144-3482 x73538,Jaylan,Rohan,Arizona,1137 Hoppe Oval,Doyle,Harvey.Rippin@katelynn.ca
8,819-199-6455 x2173,Myrtie,Murphy,New Jersey,597 O'Kon Rapids,Rebeka,Abbie@rosario.info
9,873-884-2016 x357,Coralie,Gerlach,North Carolina,674 Jackie Summit,Deangelo,Dayna_Medhurst@orlo.com
6,(690)480-1714,Lucas,Crist,Oregon,23245 Walker Shores,Hellen,Ben@luther.biz
1,444.108.8086 x958,Colten,Boyer,Maine,477 Edd Lake,Johnson,Arvel.Kertzmann@estella.tv
6,(166)682-3144,Ona,Grady,California,12442 Presley Shoals,Leonardo,Tabitha.Wintheiser@lamar.org
3,(539)315-9671,Marjolaine,Leffler,Utah,222 Morar Tunnel,Claudie,Rod@sterling.info
4,1-880-524-4314,Earl,Boehm,Iowa,5211 Nienow Cove,Maximillian,Jordan@eula.us
6,619-741-3181 x181,Abelardo,Kilback,New Mexico,6624 Hailey Lock,Adelbert,Morgan.Conn@judd.us
6,1-357-739-0030,Arnold,Cummerata,Idaho,22973 Bernhard Inlet,Arne,Sidney.Reichel@kayden.info
7,729.392.3343 x9282,Alfreda,Pouros,Minnesota,097 Treutel Mission,Rosario,Cary.Wisozk@opal.co.uk
8,1-653-697-8578 x857,Triston,Labadie,North Dakota,95918 Hansen Fort,Fatima,Charity@roslyn.net
9,(693)144-7143 x19087,Deon,Hodkiewicz,Nebraska,23711 Crystal Way,Cruz,Stanley@bennett.co.uk
7,(006)782-1759 x291,Sage,Marquardt,North Dakota,96652 Fay Ports,Stephania,Connie@savion.biz
1,522-371-1611 x0362,Augustus,Runte,Georgia,398 Mack Spur,Hazel,Toy.Jaskolski@felicita.ca
2,408-704-2947,Bernhard,Fadel,New York,718 Renner Ville,Gardner,Lexus@larry.me
3,998-026-0814 x238,Maida,Howe,Missouri,506 Harber Pike,Abdul,Clinton.Lubowitz@lance.com
4,(047)608-9244,Jedidiah,Kovacek,Wyoming,72292 Herminio Parkways,Bulah,Tommie@zechariah.org
3,1-482-869-9310 x930,Philip,Runte,Alaska,095 Alfreda Skyway,Bert,Estel@shyann.ca
3,1-284-892-3999 x1267,Johnnie,Swift,Maryland,274 Halvorson Extensions,Celestino,Green@freddy.biz
2,427-643-8412,Louvenia,Zulauf,Kentucky,6065 Crona Falls,Jaylen,Garland@tyree.ca
1,1-528-843-9708 x9763,Rudolph,Gerhold,Florida,873 Mohr Ridge,Bo,Tanya@skylar.ca
9,256-154-6059,Dustin,Macejkovic,Ohio,799 Yolanda Shoal,Rex,Sally@christiana.ca
19,695.466.5943 x730,Kellen,Schneider,Georgia,66760 Hickle Station,Elizabeth,Kaela@shanelle.biz
18,139.763.1285,Jeramy,Ward,Georgia,9807 Quitzon Parkways,Aimee,Gregorio@maryse.name
14,1-268-493-2721,Deven,Hudson,New Hampshire,7955 Pagac Land,Ruth,Lacey_Erdman@felix.name
2,021.378.0987 x91674,Destany,Borer,Arkansas,68086 Homenick Place,Anibal,Tatyana@elvie.tv
1,216-120-9843 x062,Fabiola,Koss,Kansas,881 Corbin Crest,Antonina,Sabrina@jeanette.io
1,(986)068-5621 x027,Virginie,Wilderman,Ohio,2958 Walsh Locks,Elbert,Madison_Cormier@electa.us
1,308.939.6341 x153,Joy,Williamson,Nebraska,356 Boyer Knolls,Ethan,Johnpaul@ines.me
1,(141)077-8258,Lindsay,O'Connell,New Jersey,8519 Boyd Crossroad,Chasity,Eda@floyd.co.uk
20,1-134-357-8239,Mittie,Tillman,Montana,41082 Conroy Mission,Ruby,Cicero@reginald.biz
6,1-353-263-7913 x81752,Magdalen,Crona,Connecticut,73893 McGlynn Forges,Carolyne,Caleigh_OConner@rosemary.io
5,(624)054-2755,Philip,O'Keefe,Michigan,340 Walter Drives,August,Viviane_Kuhlman@elouise.name
1,1-947-300-2574,Dahlia,Swaniawski,Georgia,960 Sister Creek,Alia,Garrett_Bauch@helena.biz
3,838-505-1616 x581,Houston,Hoeger,South Carolina,063 Hamill ,Fred,Rosalee.Kulas@otto.ca
3,1-544-917-9592 x9517,Angelita,Schaefer,Massachusetts,156 Kathryne Vista,Kip,Norris_Marvin@malinda.tv
2,533.967.0156 x93025,Tracy,Bradtke,Delaware,062 Abbott Plaza,Gerda,Alene@gail.me
5,(782)598-9461 x235,Ronaldo,Von,New Jersey,2630 Eulah Loaf,Bonita,Macie.Ullrich@damien.ca
3,774-757-2269 x0378,Nichole,Kub,California,06333 Anderson Radial,Price,Michaela_Tromp@rita.org
2,(267)432-4097 x5561,Wilber,Schuster,South Dakota,2845 Gottlieb Springs,Rickey,Colton@prudence.me
1,1-368-641-2822 x01031,Imani,Abernathy,Delaware,096 Araceli Lodge,Tyreek,Brody@malika.info
1,1-530-672-7536,Karli,Cruickshank,Idaho,2079 Ezequiel Forges,Eleazar,Murray_Ziemann@robbie.tv
